address,size,name
0x00401000,285,FUN_00401000
0x0040111d,1268,FUN_0040111d
0x00401611,95,FUN_00401611
0x00401670,1380,FUN_00401670
0x00401bd4,1050,FUN_00401bd4
0x00401fee,1294,FUN_00401fee
0x004024fc,1492,FUN_004024fc
0x00402ad0,247,FUN_00402ad0
0x00402bc7,1428,FUN_00402bc7
0x00403160,509,FUN_00403160
0x00403381,246,FUN_00403381
0x00403615,515,FUN_00403615
0x00403818,144,FUN_00403818
0x004038a8,908,FUN_004038a8
0x00403c34,279,FUN_00403c34
0x00403d55,406,FUN_00403d55
0x00403eeb,220,FUN_00403eeb
0x00403fc7,105,FUN_00403fc7
0x00404030,288,FUN_00404030
0x00404155,199,FUN_00404155
0x0040421c,1115,FUN_0040421c
0x00404677,376,FUN_00404677
0x004047ef,378,FUN_004047ef
0x00404969,2199,FUN_00404969
0x0040520a,532,FUN_0040520a
0x0040541e,768,FUN_0040541e
0x0040571e,10403,FUN_0040571e
0x00407feb,1292,FUN_00407feb
0x004084f7,644,FUN_004084f7
0x0040877b,1617,FUN_0040877b
0x00408dcc,1536,FUN_00408dcc
0x004093d0,146,FUN_004093d0
0x00409462,517,FUN_00409462
0x00409680,907,FUN_00409680
0x00409a0b,1240,FUN_00409a0b
0x00409ee8,1488,FUN_00409ee8
0x0040a4b8,169,FUN_0040a4b8
0x0040a561,202,FUN_0040a561
0x0040a62b,3083,FUN_0040a62b
0x0040b26d,966,FUN_0040b26d
0x0040b633,383,FUN_0040b633
0x0040b7b2,2621,FUN_0040b7b2
0x0040c1ef,355,FUN_0040c1ef
0x0040c352,399,FUN_0040c352
0x0040c4e1,141,FUN_0040c4e1
0x0040c56e,148,FUN_0040c56e
0x0040c602,1037,FUN_0040c602
0x0040ca0f,205,FUN_0040ca0f
0x0040cadc,696,FUN_0040cadc
0x0040cd94,81,FUN_0040cd94
0x0040cde5,291,FUN_0040cde5
0x0040cf08,451,FUN_0040cf08
0x0040d0cb,123,FUN_0040d0cb
0x0040d146,718,FUN_0040d146
0x0040d414,350,FUN_0040d414
0x0040d572,162,FUN_0040d572
0x0040d614,414,FUN_0040d614
0x0040d7b2,2054,FUN_0040d7b2
0x0040dffd,118,FUN_0040dffd
0x0040e073,229,FUN_0040e073
0x0040e158,157,FUN_0040e158
0x0040e1f5,487,FUN_0040e1f5
0x0040e3dc,439,FUN_0040e3dc
0x0040e593,179,FUN_0040e593
0x0040e646,182,FUN_0040e646
0x0040e6fc,170,FUN_0040e6fc
0x0040e7a6,993,FUN_0040e7a6
0x0040eb87,50,FUN_0040eb87
0x0040ebb9,1198,FUN_0040ebb9
0x0040f067,143,FUN_0040f067
0x0040f0f6,16,FUN_0040f0f6
0x0040f106,44,FUN_0040f106
0x0040f132,51,FUN_0040f132
0x0040f165,1559,FUN_0040f165
0x0040f77c,1377,FUN_0040f77c
0x0040fcdd,194,FUN_0040fcdd
0x0040fd9f,1646,FUN_0040fd9f
0x0041040d,206,FUN_0041040d
0x004104db,220,FUN_004104db
0x004105b7,41,FUN_004105b7
0x004105e0,279,FUN_004105e0
0x004106f7,1473,FUN_004106f7
0x00410cb8,565,FUN_00410cb8
0x00410efc,74,FUN_00410efc
0x00410f46,551,FUN_00410f46
0x0041116d,68,FUN_0041116d
0x004111b1,157,FUN_004111b1
0x0041124e,417,FUN_0041124e
0x004113ef,452,FUN_004113ef
0x004115b3,583,FUN_004115b3
0x004117fa,207,FUN_004117fa
0x004118ce,157,FUN_004118ce
0x0041196b,430,FUN_0041196b
0x00411b19,615,FUN_00411b19
0x00411d90,148,FUN_00411d90
0x00411e30,203,FUN_00411e30
0x00411efb,2076,FUN_00411efb
0x0041272b,1104,FUN_0041272b
0x00412b80,46,FUN_00412b80
0x00412bae,81,FUN_00412bae
0x00412bff,56,FUN_00412bff
0x00412c37,1359,FUN_00412c37
0x0041318b,1312,FUN_0041318b
0x004136ab,116,FUN_004136ab
0x00413796,147,FUN_00413796
0x00413829,148,FUN_00413829
0x004138bd,803,FUN_004138bd
0x00413be0,1351,FUN_00413be0
0x00414127,684,FUN_00414127
0x004143e0,4622,FUN_004143e0
0x004155ee,422,FUN_004155ee
0x00415794,506,FUN_00415794
0x0041598e,507,FUN_0041598e
0x00415b89,155,FUN_00415b89
0x00415c24,88,FUN_00415c24
0x00415c7c,859,FUN_00415c7c
0x00415fd7,2885,FUN_00415fd7
0x00416b1c,574,FUN_00416b1c
0x00416d5a,663,FUN_00416d5a
0x00416ff1,112,FUN_00416ff1
0x00417061,151,FUN_00417061
0x004170f8,110,FUN_004170f8
0x0041716b,71,FUN_0041716b
0x004171b7,47,FUN_004171b7
0x004171eb,154,FUN_004171eb
0x0041728a,114,FUN_0041728a
0x00417301,199,FUN_00417301
0x004173d0,704,FUN_004173d0
0x00417690,320,FUN_00417690
0x004177d0,158,FUN_004177d0
0x0041786e,216,FUN_0041786e
0x00417946,441,FUN_00417946
0x00417aff,583,FUN_00417aff
0x00417d4d,121,FUN_00417d4d
0x00417dc6,75,FUN_00417dc6
0x00417e11,1378,FUN_00417e11
0x00418373,155,FUN_00418373
0x0041840e,196,FUN_0041840e
0x004184d2,589,FUN_004184d2
0x0041871f,126,FUN_0041871f
0x0041879d,651,FUN_0041879d
0x00418a2d,98,FUN_00418a2d
0x00418a8f,144,FUN_00418a8f
0x00418b24,753,FUN_00418b24
0x00418e15,585,FUN_00418e15
0x0041905e,685,FUN_0041905e
0x00419310,391,FUN_00419310
0x00419497,101,FUN_00419497
0x00419599,1896,FUN_00419599
0x00419d01,195,FUN_00419d01
0x00419dc4,193,FUN_00419dc4
0x00419e85,324,FUN_00419e85
0x00419fc9,649,FUN_00419fc9
0x0041a252,477,FUN_0041a252
0x0041a42f,544,FUN_0041a42f
0x0041a64f,284,FUN_0041a64f
0x0041a76b,313,FUN_0041a76b
0x0041a8a4,698,FUN_0041a8a4
0x0041ab5e,4186,FUN_0041ab5e
0x0041bc0d,1207,FUN_0041bc0d
0x0041c0c4,324,FUN_0041c0c4
0x0041c208,3274,FUN_0041c208
0x0041cf20,585,FUN_0041cf20
0x0041d169,41,FUN_0041d169
0x0041d192,93,FUN_0041d192
0x0041d1ef,41,FUN_0041d1ef
0x0041d21d,41,FUN_0041d21d
0x0041d24b,57,FUN_0041d24b
0x0041d290,171,FUN_0041d290
0x0041d33b,3486,FUN_0041d33b
0x0041e0d9,5386,FUN_0041e0d9
0x0041f5e3,8085,FUN_0041f5e3
0x00421578,480,FUN_00421578
0x00421758,404,FUN_00421758
0x004218ec,2472,FUN_004218ec
0x00422294,9430,FUN_00422294
0x0042476a,812,FUN_0042476a
0x00424a96,78,FUN_00424a96
0x00424ae4,303,FUN_00424ae4
0x00424c13,94,FUN_00424c13
0x00424c71,1655,FUN_00424c71
0x004252e8,1212,FUN_004252e8
0x004257a4,448,FUN_004257a4
0x00425964,126,FUN_00425964
0x004259e2,126,FUN_004259e2
0x00425a60,34,FUN_00425a60
0x00425a82,508,FUN_00425a82
0x00425c7e,378,FUN_00425c7e
0x00425df8,277,FUN_00425df8
0x00425f10,670,FUN_00425f10
0x004261ae,164,FUN_004261ae
0x00426252,1750,FUN_00426252
0x0042693e,795,FUN_0042693e
0x00426c59,327,FUN_00426c59
0x00426da0,63,FUN_00426da0
0x00426ddf,74,FUN_00426ddf
0x00426e30,204,FUN_00426e30
0x00426efc,64,FUN_00426efc
0x00426f3c,4278,FUN_00426f3c
0x0042804f,41,FUN_0042804f
0x00428078,162,FUN_00428078
0x0042811a,386,FUN_0042811a
0x00428615,193,FUN_00428615
0x00428783,193,FUN_00428783
0x004288f1,52,FUN_004288f1
0x00428925,140,FUN_00428925
0x004289b1,18,FUN_004289b1
0x004289c3,302,FUN_004289c3
0x00428b05,139,FUN_00428b05
0x00428b90,407,FUN_00428b90
0x00428d2c,50,FUN_00428d2c
0x00428d5e,261,FUN_00428d5e
0x00428e63,389,FUN_00428e63
0x00428fe8,250,FUN_00428fe8
0x004290e2,127,FUN_004290e2
0x00429161,771,FUN_00429161
0x00429473,388,FUN_00429473
0x004295f7,1039,FUN_004295f7
0x00429a62,1142,FUN_00429a62
0x00429ee0,38,FUN_00429ee0
0x00429f06,38,FUN_00429f06
0x00429f2c,38,FUN_00429f2c
0x00429f52,38,FUN_00429f52
0x00429f78,38,FUN_00429f78
0x00429f9e,983,FUN_00429f9e
0x0042a375,1568,FUN_0042a375
0x0042a995,1219,FUN_0042a995
0x0042ae58,1043,FUN_0042ae58
0x0042b270,4409,FUN_0042b270
0x0042c3ae,4289,FUN_0042c3ae
0x0042d474,212,FUN_0042d474
0x0042d548,575,FUN_0042d548
0x0042d790,584,FUN_0042d790
0x0042d9e0,588,FUN_0042d9e0
0x0042dc2c,190,FUN_0042dc2c
0x0042dcea,70,FUN_0042dcea
0x0042dd3a,124,FUN_0042dd3a
0x0042ddb6,172,FUN_0042ddb6
0x0042de62,235,FUN_0042de62
0x0042df50,52,FUN_0042df50
0x0042df84,606,FUN_0042df84
0x0042e1e2,114,FUN_0042e1e2
0x0042e254,127,FUN_0042e254
0x0042e2d3,320,FUN_0042e2d3
0x0042e413,224,FUN_0042e413
0x0042e4f3,175,FUN_0042e4f3
0x0042e5a2,100,FUN_0042e5a2
0x0042e606,259,FUN_0042e606
0x0042e709,393,FUN_0042e709
0x0042e897,371,FUN_0042e897
0x0042ea0f,150,FUN_0042ea0f
0x0042eaa5,152,FUN_0042eaa5
0x0042eb3d,230,FUN_0042eb3d
0x0042ec23,1439,FUN_0042ec23
0x0042f1c7,65,FUN_0042f1c7
0x0042f208,429,FUN_0042f208
0x0042f3b5,1063,FUN_0042f3b5
0x0042f7dc,1345,FUN_0042f7dc
0x0042fd1d,35,FUN_0042fd1d
0x0042fd40,158,FUN_0042fd40
0x0042fde0,24,FUN_0042fde0
0x0042fe00,449,FUN_0042fe00
0x0042ffd0,238,FUN_0042ffd0
0x004301f4,590,FUN_004301f4
0x00430442,526,FUN_00430442
0x00430650,408,FUN_00430650
0x004307f2,418,FUN_004307f2
0x00430994,258,FUN_00430994
0x00430a96,37,FUN_00430a96
0x00430ac0,134,FUN_00430ac0
0x00430b4b,176,FUN_00430b4b
0x00430bfb,484,FUN_00430bfb
0x00430e00,45,FUN_00430e00
0x00430e2d,199,FUN_00430e2d
0x00430ef4,59,FUN_00430ef4
0x00430f2f,58,FUN_00430f2f
0x00430f69,76,FUN_00430f69
0x00430fb5,77,FUN_00430fb5
0x00431002,77,FUN_00431002
0x0043104f,85,FUN_0043104f
0x004310a4,68,FUN_004310a4
0x004310e8,96,FUN_004310e8
0x00431148,138,FUN_00431148
0x004311d2,141,FUN_004311d2
0x0043125f,139,FUN_0043125f
0x004312ea,103,FUN_004312ea
0x00431351,126,FUN_00431351
0x004313cf,103,FUN_004313cf
0x00431436,53,FUN_00431436
0x0043146b,95,FUN_0043146b
0x004314ca,92,FUN_004314ca
0x00431526,109,FUN_00431526
0x00431593,113,FUN_00431593
0x00431604,95,FUN_00431604
0x00431663,115,FUN_00431663
0x004316d6,119,FUN_004316d6
0x0043174d,268,FUN_0043174d
0x00431859,110,FUN_00431859
0x004318c7,75,FUN_004318c7
0x00431920,1370,FUN_00431920
0x00431e7a,998,FUN_00431e7a
0x00432260,364,FUN_00432260
0x004323cc,137,FUN_004323cc
0x00432455,288,FUN_00432455
0x00432575,547,FUN_00432575
0x00432798,948,FUN_00432798
0x00432b51,686,FUN_00432b51
0x00432dff,1076,FUN_00432dff
0x00433233,751,FUN_00433233
0x00433527,18,FUN_00433527
0x00433539,1532,FUN_00433539
0x00433b35,364,FUN_00433b35
0x00433ca1,206,FUN_00433ca1
0x00433d6f,738,FUN_00433d6f
0x00434051,312,FUN_00434051
0x00434189,138,FUN_00434189
0x00434213,242,FUN_00434213
0x00434305,917,FUN_00434305
0x0043469a,900,FUN_0043469a
0x00434a1e,546,FUN_00434a1e
0x00434c40,1188,FUN_00434c40
0x004350e4,1196,FUN_004350e4
0x00435590,1700,FUN_00435590
0x00435c34,811,FUN_00435c34
0x00435f5f,244,FUN_00435f5f
0x00436053,1234,FUN_00436053
0x00436525,304,FUN_00436525
0x00436655,896,FUN_00436655
0x004369d5,253,FUN_004369d5
0x00436ad2,18,FUN_00436ad2
0x00436ae4,1543,FUN_00436ae4
0x004370eb,501,FUN_004370eb
0x004372e0,256,FUN_004372e0
0x004373e0,228,FUN_004373e0
0x004374c4,187,FUN_004374c4
0x0043757f,184,FUN_0043757f
0x00437637,986,FUN_00437637
0x00437a11,1590,FUN_00437a11
0x00438047,694,FUN_00438047
0x004382fd,372,FUN_004382fd
0x00438471,1445,FUN_00438471
0x00438a16,440,FUN_00438a16
0x00438bce,1488,FUN_00438bce
0x0043919e,258,FUN_0043919e
0x004392a0,949,FUN_004392a0
0x00439655,1287,FUN_00439655
0x00439b5c,127,FUN_00439b5c
0x00439bdb,1475,FUN_00439bdb
0x0043a19e,2091,FUN_0043a19e
0x0043a9c9,600,FUN_0043a9c9
0x0043ac21,2133,FUN_0043ac21
0x0043b476,107,FUN_0043b476
0x0043b4e1,1991,FUN_0043b4e1
0x0043bca8,399,FUN_0043bca8
0x0043be37,1919,FUN_0043be37
0x0043c5b6,372,FUN_0043c5b6
0x0043c72a,370,FUN_0043c72a
0x0043c89c,358,FUN_0043c89c
0x0043ca02,450,FUN_0043ca02
0x0043cbc4,562,FUN_0043cbc4
0x0043cdfb,1228,FUN_0043cdfb
0x0043d2cc,242,FUN_0043d2cc
0x0043d3be,293,FUN_0043d3be
0x0043d4e3,112,FUN_0043d4e3
0x0043d553,576,FUN_0043d553
0x0043d798,718,FUN_0043d798
0x0043da66,921,FUN_0043da66
0x0043ddff,967,FUN_0043ddff
0x0043e1c6,372,FUN_0043e1c6
0x0043e33a,454,FUN_0043e33a
0x0043e500,331,FUN_0043e500
0x0043e64b,291,FUN_0043e64b
0x0043e76e,565,FUN_0043e76e
0x0043e9a3,709,FUN_0043e9a3
0x0043ec68,859,FUN_0043ec68
0x0043efc8,891,FUN_0043efc8
0x0043f348,294,FUN_0043f348
0x0043f46e,153,FUN_0043f46e
0x0043f507,905,FUN_0043f507
0x0043f890,329,FUN_0043f890
0x0043f9d9,417,FUN_0043f9d9
0x0043fb7a,900,FUN_0043fb7a
0x0043fefe,731,FUN_0043fefe
0x004401d9,431,FUN_004401d9
0x00440388,892,FUN_00440388
0x00440704,175,FUN_00440704
0x004407b3,852,FUN_004407b3
0x00440b07,131,FUN_00440b07
0x00440b8a,442,FUN_00440b8a
0x00440d44,567,FUN_00440d44
0x00440f7b,727,FUN_00440f7b
0x00441260,66,FUN_00441260
0x004412a2,74,FUN_004412a2
0x004412ec,176,FUN_004412ec
0x0044139c,223,FUN_0044139c
0x0044147b,190,FUN_0044147b
0x00441539,66,FUN_00441539
0x0044157b,74,FUN_0044157b
0x004415c5,66,FUN_004415c5
0x00441607,74,FUN_00441607
0x00441651,72,FUN_00441651
0x00441699,812,FUN_00441699
0x004419ca,398,FUN_004419ca
0x00441b70,38,FUN_00441b70
0x00441b96,99,FUN_00441b96
0x00441bf9,849,FUN_00441bf9
0x00441f4a,693,FUN_00441f4a
0x004421ff,679,FUN_004421ff
0x004424b0,2746,FUN_004424b0
0x00442f6a,49,FUN_00442f6a
0x00442f9b,573,FUN_00442f9b
0x004431d8,49,FUN_004431d8
0x00443209,215,FUN_00443209
0x004432e0,31,FUN_004432e0
0x004432ff,39,FUN_004432ff
0x00443326,352,FUN_00443326
0x00443486,165,FUN_00443486
0x0044352b,1045,FUN_0044352b
0x00443940,4901,FUN_00443940
0x00444cef,1383,FUN_00444cef
0x00445256,271,FUN_00445256
0x00445365,472,FUN_00445365
0x0044553d,2583,FUN_0044553d
0x00446049,59,FUN_00446049
0x00446084,125,FUN_00446084
0x00446101,287,FUN_00446101
0x00446220,1794,FUN_00446220
0x00446922,213,FUN_00446922
0x004469f7,96,FUN_004469f7
0x00446a57,60,FUN_00446a57
0x00446a93,246,FUN_00446a93
0x00446b89,396,FUN_00446b89
0x00446d20,1005,FUN_00446d20
0x0044710d,430,FUN_0044710d
0x004472bb,1049,FUN_004472bb
0x004476d4,658,FUN_004476d4
0x00447966,569,FUN_00447966
0x00447b9f,583,FUN_00447b9f
0x00447de6,357,FUN_00447de6
0x00447f4b,577,FUN_00447f4b
0x0044818c,91,FUN_0044818c
0x004481e7,155,FUN_004481e7
0x00448282,992,FUN_00448282
0x00448662,727,FUN_00448662
0x00448939,247,FUN_00448939
0x00448a30,2125,FUN_00448a30
0x0044927d,650,FUN_0044927d
0x00449507,650,FUN_00449507
0x00449791,247,FUN_00449791
0x00449888,290,FUN_00449888
0x004499aa,1405,FUN_004499aa
0x00449f2c,797,FUN_00449f2c
0x0044a249,1827,FUN_0044a249
0x0044a96c,179,FUN_0044a96c
0x0044aa1f,207,FUN_0044aa1f
0x0044aaee,4852,FUN_0044aaee
0x0044bde2,1028,FUN_0044bde2
0x0044c1eb,549,FUN_0044c1eb
0x0044c410,1627,FUN_0044c410
0x0044ca6b,1325,FUN_0044ca6b
0x0044cf98,1122,FUN_0044cf98
0x0044d3fa,770,FUN_0044d3fa
0x0044d711,923,FUN_0044d711
0x0044daac,769,FUN_0044daac
0x0044ddad,771,FUN_0044ddad
0x0044e0b0,1085,FUN_0044e0b0
0x0044e4ed,259,FUN_0044e4ed
0x0044e5f0,319,FUN_0044e5f0
0x0044e72f,287,FUN_0044e72f
0x0044e84e,247,FUN_0044e84e
0x0044e945,153,FUN_0044e945
0x0044e9de,1998,FUN_0044e9de
0x0044f1ac,815,FUN_0044f1ac
0x0044f4db,1595,FUN_0044f4db
0x0044fb16,630,FUN_0044fb16
0x0044fd8c,580,FUN_0044fd8c
0x0044ffd0,320,FUN_0044ffd0
0x00450110,291,FUN_00450110
0x00450233,1504,FUN_00450233
0x00450813,35,FUN_00450813
0x00450836,19,FUN_00450836
0x00450925,137,FUN_00450925
0x004509ae,16,FUN_004509ae
0x004509be,11,FUN_004509be
0x004509c9,2012,FUN_004509c9
0x004511a5,2317,FUN_004511a5
0x00451ab2,37,FUN_00451ab2
0x00451ad7,39,FUN_00451ad7
0x00451afe,64,FUN_00451afe
0x00451b3e,16,FUN_00451b3e
0x00451b4e,16,FUN_00451b4e
0x00451b5e,198,FUN_00451b5e
0x00451c24,62,FUN_00451c24
0x00451c62,526,FUN_00451c62
0x00451e70,139,FUN_00451e70
0x00451efb,64,FUN_00451efb
0x00451f3b,81,FUN_00451f3b
0x00451f8c,129,FUN_00451f8c
0x0045200d,124,FUN_0045200d
0x00452089,129,FUN_00452089
0x0045210a,337,FUN_0045210a
0x0045225b,125,FUN_0045225b
0x004522d8,125,FUN_004522d8
0x00452355,127,FUN_00452355
0x004523d4,105,FUN_004523d4
0x00452442,212,FUN_00452442
0x00452516,557,FUN_00452516
0x00452743,205,FUN_00452743
0x00452810,355,FUN_00452810
0x00452973,103,FUN_00452973
0x004529df,125,FUN_004529df
0x00452a5c,125,FUN_00452a5c
0x00452ad9,251,FUN_00452ad9
0x00452bd4,125,FUN_00452bd4
0x00452c51,125,FUN_00452c51
0x00452cce,124,FUN_00452cce
0x00452d4a,124,FUN_00452d4a
0x00452dc6,191,FUN_00452dc6
0x00452e85,18,FUN_00452e85
0x00452e97,100,FUN_00452e97
0x00452efb,110,FUN_00452efb
0x00452f69,183,FUN_00452f69
0x00453020,124,FUN_00453020
0x0045309c,147,FUN_0045309c
0x0045312f,147,FUN_0045312f
0x004531c2,197,FUN_004531c2
0x00453287,193,FUN_00453287
0x00453348,209,FUN_00453348
0x00453419,124,FUN_00453419
0x00453495,124,FUN_00453495
0x00453511,127,FUN_00453511
0x00453590,180,FUN_00453590
0x00453644,127,FUN_00453644
0x004536c3,125,FUN_004536c3
0x00453740,48,FUN_00453740
0x00453770,93,FUN_00453770
0x004537cd,102,FUN_004537cd
0x00453833,102,FUN_00453833
0x00453899,102,FUN_00453899
0x004538ff,140,FUN_004538ff
0x0045398b,155,FUN_0045398b
0x00453a26,163,FUN_00453a26
0x00453ac9,163,FUN_00453ac9
0x00453b6c,163,FUN_00453b6c
0x00453c0f,91,FUN_00453c0f
0x00453c6a,227,FUN_00453c6a
0x00453d4d,73,FUN_00453d4d
0x00453d96,117,FUN_00453d96
0x00453e0b,53,FUN_00453e0b
0x00453e40,52,FUN_00453e40
0x00453e74,81,FUN_00453e74
0x00453ec5,52,FUN_00453ec5
0x00453ef9,73,FUN_00453ef9
0x00453f42,975,FUN_00453f42
0x00454311,60,FUN_00454311
0x00454350,132,FUN_00454350
0x004543d4,1002,FUN_004543d4
0x004547d0,568,FUN_004547d0
0x00454a08,2111,FUN_00454a08
0x00455247,1734,FUN_00455247
0x0045590d,335,FUN_0045590d
0x00455a5c,253,FUN_00455a5c
0x00455b59,584,FUN_00455b59
0x00455da6,2034,FUN_00455da6
0x0045659d,762,FUN_0045659d
0x00456897,729,FUN_00456897
0x00456b70,353,FUN_00456b70
0x00456cd1,1224,FUN_00456cd1
0x00457199,1686,FUN_00457199
0x0045782f,556,FUN_0045782f
0x00457a60,833,FUN_00457a60
0x00457da1,509,FUN_00457da1
0x00457f9e,77,FUN_00457f9e
0x00457feb,1273,FUN_00457feb
0x004584e4,328,FUN_004584e4
0x0045862c,1159,FUN_0045862c
0x00458ab3,2436,FUN_00458ab3
0x00459437,1071,FUN_00459437
0x00459866,897,FUN_00459866
0x00459be7,905,FUN_00459be7
0x00459f70,1235,FUN_00459f70
0x0045a443,1169,FUN_0045a443
0x0045a8d4,183,FUN_0045a8d4
0x0045a98b,1384,FUN_0045a98b
0x0045aef3,4130,FUN_0045aef3
0x0045bf15,659,FUN_0045bf15
0x0045c1a8,1156,FUN_0045c1a8
0x0045c62c,253,FUN_0045c62c
0x0045c730,1140,FUN_0045c730
0x0045cba4,548,FUN_0045cba4
0x0045cdc8,14665,FUN_0045cdc8
0x004607dd,245,FUN_004607dd
0x004608d2,2717,FUN_004608d2
0x0046136f,578,FUN_0046136f
0x004615b1,91,FUN_004615b1
0x0046160c,2732,FUN_0046160c
0x004620c4,120,FUN_004620c4
0x0046213c,903,FUN_0046213c
0x004624cf,688,FUN_004624cf
0x0046277f,417,FUN_0046277f
0x00462920,93,FUN_00462920
0x0046297d,65,FUN_0046297d
0x004629be,7333,FUN_004629be
0x00464663,55,FUN_00464663
0x0046469a,105,FUN_0046469a
0x00464703,387,FUN_00464703
0x0046488b,51,FUN_0046488b
0x004648be,258,FUN_004648be
0x004649c0,104,FUN_004649c0
0x00464a28,330,FUN_00464a28
0x00464b72,280,FUN_00464b72
0x00464c8a,129,FUN_00464c8a
0x00464d0b,379,FUN_00464d0b
0x00464e86,193,FUN_00464e86
0x00464f47,257,FUN_00464f47
0x00465048,749,FUN_00465048
0x0046537b,217,FUN_0046537b
0x00465473,753,FUN_00465473
0x00465764,38,FUN_00465764
0x0046578a,417,FUN_0046578a
0x0046592b,364,FUN_0046592b
0x00465a97,282,FUN_00465a97
0x00465bb6,251,FUN_00465bb6
0x00465cb1,251,FUN_00465cb1
0x00465dac,68,FUN_00465dac
0x00465df5,261,FUN_00465df5
0x00465efa,134,FUN_00465efa
0x00465f8a,191,FUN_00465f8a
0x00466049,47,FUN_00466049
0x00466078,47,FUN_00466078
0x004660a7,47,FUN_004660a7
0x004660d6,1066,FUN_004660d6
0x00466500,567,FUN_00466500
0x00466737,28,FUN_00466737
0x00466753,65,FUN_00466753
0x00466794,309,FUN_00466794
0x004668c9,90,FUN_004668c9
0x00466928,268,FUN_00466928
0x00466a34,391,FUN_00466a34
0x00466bbb,131,FUN_00466bbb
0x00466c3e,190,FUN_00466c3e
0x00466d01,94,FUN_00466d01
0x00466d5f,440,FUN_00466d5f
0x00466f1c,84,FUN_00466f1c
0x00466f70,113,FUN_00466f70
0x00466fe6,3919,FUN_00466fe6
0x00467f35,29,FUN_00467f35
0x00467f52,579,FUN_00467f52
0x004682a0,197,FUN_004682a0
0x00468365,127,FUN_00468365
0x004683e4,180,FUN_004683e4
0x00468498,6,FUN_00468498
0x0046849e,276,FUN_0046849e
0x004685b2,119,FUN_004685b2
0x00468629,244,FUN_00468629
0x0046871d,214,FUN_0046871d
0x00468800,305,FUN_00468800
0x00468940,278,FUN_00468940
0x00468a60,338,FUN_00468a60
0x0046901b,126,FUN_0046901b
0x00469099,61,FUN_00469099
0x004690e0,604,FUN_004690e0
0x0046933c,318,FUN_0046933c
0x0046947a,2712,FUN_0046947a
0x00469f23,1010,FUN_00469f23
0x0046a315,172,FUN_0046a315
0x0046a3c1,347,FUN_0046a3c1
0x0046a520,340,Sid_Assert
0x0046a674,326,FUN_0046a674
0x0046a7c0,5147,FUN_0046a7c0
0x0046bbe0,1256,FUN_0046bbe0
0x0046c0c8,1528,FUN_0046c0c8
0x0046c6cf,840,FUN_0046c6cf
0x0046ca26,1242,FUN_0046ca26
0x0046cf00,290,FUN_0046cf00
0x0046d022,2014,FUN_0046d022
0x0046d80a,183,FUN_0046d80a
0x0046d8c1,621,FUN_0046d8c1
0x0046db2e,191,FUN_0046db2e
0x0046dbed,1388,FUN_0046dbed
0x0046e159,887,FUN_0046e159
0x0046e4d0,258,FUN_0046e4d0
0x0046e5d2,121,FUN_0046e5d2
0x0046e64b,159,FUN_0046e64b
0x0046e6f0,1442,FUN_0046e6f0
0x0046ec92,18,FUN_0046ec92
0x0046eca4,95,FUN_0046eca4
0x0046ed03,48,FUN_0046ed03
0x0046ed33,48,FUN_0046ed33
0x0046ed63,57,FUN_0046ed63
0x0046ed9c,23,FUN_0046ed9c
0x0046edb3,18,FUN_0046edb3
0x0046edc5,81,FUN_0046edc5
0x0046ee20,231,FUN_0046ee20
0x0046ef07,81,FUN_0046ef07
0x0046ef58,5255,FUN_0046ef58
0x00470468,821,FUN_00470468
0x0047079d,629,FUN_0047079d
0x00470a12,139,FUN_00470a12
0x00470a9d,93,FUN_00470a9d
0x00470b00,1146,FUN_00470b00
0x00470f7a,4078,FUN_00470f7a
0x00471f68,1113,FUN_00471f68
0x004723c1,2453,FUN_004723c1
0x00472d56,158,FUN_00472d56
0x00472df4,375,FUN_00472df4
0x00472f6b,1699,FUN_00472f6b
0x0047360e,1155,FUN_0047360e
0x00473a91,413,FUN_00473a91
0x00473c2e,2081,FUN_00473c2e
0x0047444f,722,FUN_0047444f
0x00474721,591,FUN_00474721
0x00474970,1517,FUN_00474970
0x00474f5d,971,FUN_00474f5d
0x00475328,878,FUN_00475328
0x00475696,1877,FUN_00475696
0x00475df0,1186,FUN_00475df0
0x00476297,549,FUN_00476297
0x004764bc,322,FUN_004764bc
0x004765fe,738,FUN_004765fe
0x004768e5,322,FUN_004768e5
0x00476a27,944,FUN_00476a27
0x00476ddc,1996,FUN_00476ddc
0x004775a8,1455,FUN_004775a8
0x00477b57,273,FUN_00477b57
0x00477c68,559,FUN_00477c68
0x00477e97,2876,FUN_00477e97
0x004789d3,96,FUN_004789d3
0x00478a33,288,FUN_00478a33
0x00478b53,366,FUN_00478b53
0x00478cc1,892,FUN_00478cc1
0x0047903d,119,FUN_0047903d
0x004790b4,525,FUN_004790b4
0x004792c1,372,FUN_004792c1
0x0047943c,531,FUN_0047943c
0x0047964f,1078,FUN_0047964f
0x00479a85,6145,FUN_00479a85
0x0047b286,613,FUN_0047b286
0x0047b4eb,3099,FUN_0047b4eb
0x0047c106,838,FUN_0047c106
0x0047c44c,2960,FUN_0047c44c
0x0047cfdc,206,FUN_0047cfdc
0x0047d0aa,296,FUN_0047d0aa
0x0047d1d2,228,FUN_0047d1d2
0x0047d2b6,1210,FUN_0047d2b6
0x0047d770,459,FUN_0047d770
0x0047d940,990,FUN_0047d940
0x0047dd1e,1574,FUN_0047dd1e
0x0047e344,6930,FUN_0047e344
0x0047fe56,184,FUN_0047fe56
0x0047ff0e,224,FUN_0047ff0e
0x0047ffee,586,FUN_0047ffee
0x00480238,394,FUN_00480238
0x004803cc,126,FUN_004803cc
0x0048044a,90,FUN_0048044a
0x004804a4,1093,FUN_004804a4
0x004808e9,949,FUN_004808e9
0x00480c9e,679,FUN_00480c9e
0x00480f45,166,FUN_00480f45
0x00480feb,1693,FUN_00480feb
0x00481688,4944,FUN_00481688
0x004829d8,1528,FUN_004829d8
0x00482fd0,1728,FUN_00482fd0
0x00483690,391,FUN_00483690
0x00483817,506,FUN_00483817
0x00483a11,1587,FUN_00483a11
0x00484044,295,FUN_00484044
0x0048416b,1198,FUN_0048416b
0x00484619,597,FUN_00484619
0x0048486e,751,FUN_0048486e
0x00484b5d,504,FUN_00484b5d
0x00484d55,831,FUN_00484d55
0x00485094,241,FUN_00485094
0x00485185,269,FUN_00485185
0x00485297,108,FUN_00485297
0x00485308,331,FUN_00485308
0x00485458,1234,FUN_00485458
0x0048592f,983,FUN_0048592f
0x00485d06,313,FUN_00485d06
0x00485e3f,121,FUN_00485e3f
0x00485eb8,911,FUN_00485eb8
0x00486247,121,FUN_00486247
0x004862c0,289,FUN_004862c0
0x004863e1,455,FUN_004863e1
0x004865a8,706,FUN_004865a8
0x0048686a,326,FUN_0048686a
0x004869b0,442,FUN_004869b0
0x00486b6a,311,FUN_00486b6a
0x00486ca1,178,FUN_00486ca1
0x00486d53,178,FUN_00486d53
0x00486e05,405,FUN_00486e05
0x00486f9a,221,FUN_00486f9a
0x00487077,172,FUN_00487077
0x00487123,572,FUN_00487123
0x0048735f,71,FUN_0048735f
0x004873a6,561,FUN_004873a6
0x004875d7,370,FUN_004875d7
0x00487749,513,FUN_00487749
0x0048794a,516,FUN_0048794a
0x00487b4e,402,FUN_00487b4e
0x00487ce0,939,FUN_00487ce0
0x0048808b,188,FUN_0048808b
0x00488147,366,FUN_00488147
0x004882b5,245,FUN_004882b5
0x004883aa,202,FUN_004883aa
0x00488474,77,FUN_00488474
0x004884c1,291,FUN_004884c1
0x004885e4,84,FUN_004885e4
0x00488638,337,FUN_00488638
0x00488789,276,FUN_00488789
0x0048889d,717,FUN_0048889d
0x00488b70,302,FUN_00488b70
0x00488ca0,18,FUN_00488ca0
0x00488cb2,18,FUN_00488cb2
0x00488cc4,420,FUN_00488cc4
0x00488e68,1345,FUN_00488e68
0x004893a9,4348,FUN_004893a9
0x0048a4aa,432,FUN_0048a4aa
0x0048a65a,2003,FUN_0048a65a
0x0048ae32,1167,FUN_0048ae32
0x0048b2c1,744,FUN_0048b2c1
0x0048b5a9,103,FUN_0048b5a9
0x0048b610,99,FUN_0048b610
0x0048b673,169,FUN_0048b673
0x0048b71c,687,FUN_0048b71c
0x0048b9cb,685,FUN_0048b9cb
0x0048bc78,686,FUN_0048bc78
0x0048bf26,734,FUN_0048bf26
0x0048c204,609,FUN_0048c204
0x0048c465,118,FUN_0048c465
0x0048c4db,1969,FUN_0048c4db
0x0048cc8c,2027,FUN_0048cc8c
0x0048d477,756,FUN_0048d477
0x0048d76b,2299,FUN_0048d76b
0x0048e066,2029,FUN_0048e066
0x0048e853,2492,FUN_0048e853
0x0048f20f,1083,FUN_0048f20f
0x0048f64a,825,FUN_0048f64a
0x0048f983,372,FUN_0048f983
0x0048faf7,724,FUN_0048faf7
0x0048fdcb,2332,FUN_0048fdcb
0x004906e7,364,FUN_004906e7
0x00490853,272,FUN_00490853
0x00490963,77,FUN_00490963
0x004909b0,701,FUN_004909b0
0x00490c6d,767,FUN_00490c6d
0x00490f6c,185,FUN_00490f6c
0x00491025,2142,FUN_00491025
0x00491883,2258,FUN_00491883
0x00492155,2249,FUN_00492155
0x00492a1e,2075,FUN_00492a1e
0x00493239,1520,FUN_00493239
0x00493829,1612,FUN_00493829
0x00493e75,1181,FUN_00493e75
0x00494312,1036,FUN_00494312
0x0049471e,505,FUN_0049471e
0x00494917,1643,FUN_00494917
0x00494f82,399,FUN_00494f82
0x00495111,1856,FUN_00495111
0x00495851,1448,FUN_00495851
0x00495df9,998,FUN_00495df9
0x004961df,1616,FUN_004961df
0x0049682f,1518,FUN_0049682f
0x00496e1d,1083,FUN_00496e1d
0x00497258,498,FUN_00497258
0x0049744a,97,FUN_0049744a
0x004974ab,80,FUN_004974ab
0x004974fb,231,FUN_004974fb
0x004975e2,94,FUN_004975e2
0x00497640,77,FUN_00497640
0x0049768d,211,FUN_0049768d
0x00497760,514,FUN_00497760
0x00497962,1379,FUN_00497962
0x00497ec5,1184,FUN_00497ec5
0x00498365,623,FUN_00498365
0x004985d4,434,FUN_004985d4
0x00498786,1060,FUN_00498786
0x00498baa,736,FUN_00498baa
0x00498e8a,702,FUN_00498e8a
0x0049914d,664,FUN_0049914d
0x004993ea,435,FUN_004993ea
0x0049959d,161,FUN_0049959d
0x0049963e,235,FUN_0049963e
0x00499729,960,FUN_00499729
0x00499ae9,350,FUN_00499ae9
0x00499c47,238,FUN_00499c47
0x00499d35,463,FUN_00499d35
0x00499f04,743,FUN_00499f04
0x0049a1eb,387,FUN_0049a1eb
0x0049a36e,2554,FUN_0049a36e
0x0049ad68,331,FUN_0049ad68
0x0049aeb3,331,FUN_0049aeb3
0x0049affe,389,FUN_0049affe
0x0049b183,527,FUN_0049b183
0x0049b392,1354,FUN_0049b392
0x0049b8dc,558,FUN_0049b8dc
0x0049bb0a,1028,FUN_0049bb0a
0x0049bf0e,188,FUN_0049bf0e
0x0049bfca,349,FUN_0049bfca
0x0049c127,110,FUN_0049c127
0x0049c195,524,FUN_0049c195
0x0049c3a1,527,FUN_0049c3a1
0x0049c5b0,128,FUN_0049c5b0
0x0049c630,129,FUN_0049c630
0x0049c6b1,387,FUN_0049c6b1
0x0049c834,915,FUN_0049c834
0x0049cbc7,958,FUN_0049cbc7
0x0049cf85,2746,FUN_0049cf85
0x0049da3f,1216,FUN_0049da3f
0x0049deff,756,FUN_0049deff
0x0049e1f3,363,FUN_0049e1f3
0x0049e35e,321,FUN_0049e35e
0x0049e49f,1285,FUN_0049e49f
0x0049e9a4,1258,FUN_0049e9a4
0x0049ee8e,1169,FUN_0049ee8e
0x0049f31f,161,FUN_0049f31f
0x0049f3c0,195,FUN_0049f3c0
0x0049f483,244,FUN_0049f483
0x0049f577,163,FUN_0049f577
0x0049f61a,246,FUN_0049f61a
0x0049f710,165,FUN_0049f710
0x0049f7b5,131,FUN_0049f7b5
0x0049f838,67,FUN_0049f838
0x0049f87b,375,FUN_0049f87b
0x0049f9f7,360,FUN_0049f9f7
0x0049fb64,575,FUN_0049fb64
0x0049fda3,375,FUN_0049fda3
0x0049ff1f,360,FUN_0049ff1f
0x004a008c,142,FUN_004a008c
0x004a011a,375,FUN_004a011a
0x004a0296,360,FUN_004a0296
0x004a0403,142,FUN_004a0403
0x004a04a0,29,FUN_004a04a0
0x004a04bd,44,FUN_004a04bd
0x004a04e9,801,FUN_004a04e9
0x004a0834,1718,FUN_004a0834
0x004a0eef,254,FUN_004a0eef
0x004a0fed,50,FUN_004a0fed
0x004a101f,368,FUN_004a101f
0x004a1194,1270,FUN_004a1194
0x004a168a,245,FUN_004a168a
0x004a177f,50,FUN_004a177f
0x004a17b1,314,FUN_004a17b1
0x004a18f0,1589,FUN_004a18f0
0x004a1f2a,245,FUN_004a1f2a
0x004a201f,50,FUN_004a201f
0x004a2051,343,FUN_004a2051
0x004a21ad,1382,FUN_004a21ad
0x004a2713,378,FUN_004a2713
0x004a288d,604,FUN_004a288d
0x004a2ae9,245,FUN_004a2ae9
0x004a2bde,50,FUN_004a2bde
0x004a2c10,193,FUN_004a2c10
0x004a2cd1,255,FUN_004a2cd1
0x004a2dd0,99,FUN_004a2dd0
0x004a2e33,716,FUN_004a2e33
0x004a3110,118,FUN_004a3110
0x004a3190,162,FUN_004a3190
0x004a3232,792,FUN_004a3232
0x004a354a,1086,FUN_004a354a
0x004a3988,1051,FUN_004a3988
0x004a3da3,408,FUN_004a3da3
0x004a3f3b,2111,FUN_004a3f3b
0x004a4784,864,FUN_004a4784
0x004a4ae4,846,FUN_004a4ae4
0x004a4e37,557,FUN_004a4e37
0x004a5070,374,FUN_004a5070
0x004a51e6,52,FUN_004a51e6
0x004a521a,2576,FUN_004a521a
0x004a5c2f,230,FUN_004a5c2f
0x004a5d15,93,FUN_004a5d15
0x004a5d72,2060,FUN_004a5d72
0x004a657e,1082,FUN_004a657e
0x004a69b8,634,FUN_004a69b8
0x004a6c32,418,FUN_004a6c32
0x004a6dd4,830,FUN_004a6dd4
0x004a7112,540,FUN_004a7112
0x004a732e,640,FUN_004a732e
0x004a75ae,432,FUN_004a75ae
0x004a775e,1274,FUN_004a775e
0x004a7c58,661,FUN_004a7c58
0x004a7eed,836,FUN_004a7eed
0x004a8231,567,FUN_004a8231
0x004a8470,59,FUN_004a8470
0x004a84ab,28,FUN_004a84ab
0x004a84c7,309,FUN_004a84c7
0x004a85fc,595,FUN_004a85fc
0x004a884f,296,FUN_004a884f
0x004a898c,1052,FUN_004a898c
0x004a8da8,2618,FUN_004a8da8
0x004a97e7,247,FUN_004a97e7
0x004a98de,50,FUN_004a98de
0x004a9910,1203,FUN_004a9910
0x004a9dc3,1155,FUN_004a9dc3
0x004aa246,192,FUN_004aa246
0x004aa306,359,FUN_004aa306
0x004aa46d,1724,FUN_004aa46d
0x004aab29,446,FUN_004aab29
0x004aace7,4685,FUN_004aace7
0x004abf34,536,FUN_004abf34
0x004ac14c,295,FUN_004ac14c
0x004ac273,429,FUN_004ac273
0x004ac420,973,FUN_004ac420
0x004ac7ed,627,FUN_004ac7ed
0x004aca60,502,FUN_004aca60
0x004acc56,2540,FUN_004acc56
0x004ad642,2183,FUN_004ad642
0x004aded3,957,FUN_004aded3
0x004ae290,630,FUN_004ae290
0x004ae506,414,FUN_004ae506
0x004ae6a4,526,FUN_004ae6a4
0x004ae8b2,363,FUN_004ae8b2
0x004aea1d,170,FUN_004aea1d
0x004aeac7,701,FUN_004aeac7
0x004aed84,909,FUN_004aed84
0x004af111,1691,FUN_004af111
0x004af7ac,1182,FUN_004af7ac
0x004afc4a,258,FUN_004afc4a
0x004afd4c,239,FUN_004afd4c
0x004afe3b,898,FUN_004afe3b
0x004b01c2,523,FUN_004b01c2
0x004b03cd,325,FUN_004b03cd
0x004b0512,126,FUN_004b0512
0x004b0590,487,FUN_004b0590
0x004b0777,1660,FUN_004b0777
0x004b0e02,481,FUN_004b0e02
0x004b0fe3,687,FUN_004b0fe3
0x004b1292,1450,FUN_004b1292
0x004b183c,212,FUN_004b183c
0x004b1910,699,FUN_004b1910
0x004b1bcb,372,FUN_004b1bcb
0x004b1d3f,925,FUN_004b1d3f
0x004b20dc,746,FUN_004b20dc
0x004b23c6,822,FUN_004b23c6
0x004b26fc,714,FUN_004b26fc
0x004b29c6,92,FUN_004b29c6
0x004b2a22,540,FUN_004b2a22
0x004b2c3e,1309,FUN_004b2c3e
0x004b315b,1124,FUN_004b315b
0x004b35bf,835,FUN_004b35bf
0x004b3902,179,FUN_004b3902
0x004b39b5,225,FUN_004b39b5
0x004b3a96,176,FUN_004b3a96
0x004b3b46,281,FUN_004b3b46
0x004b3c5f,780,FUN_004b3c5f
0x004b3f6b,189,FUN_004b3f6b
0x004b4028,698,FUN_004b4028
0x004b42e2,728,FUN_004b42e2
0x004b45ba,503,FUN_004b45ba
0x004b47b1,149,FUN_004b47b1
0x004b484b,97,FUN_004b484b
0x004b48ac,1794,FUN_004b48ac
0x004b4fb3,269,FUN_004b4fb3
0x004b50c0,2348,FUN_004b50c0
0x004b59fb,273,FUN_004b59fb
0x004b5b0c,2399,FUN_004b5b0c
0x004b647a,1459,FUN_004b647a
0x004b6a32,816,FUN_004b6a32
0x004b6d67,2084,FUN_004b6d67
0x004b7590,1217,FUN_004b7590
0x004b7a5b,1460,FUN_004b7a5b
0x004b8014,158,FUN_004b8014
0x004b80b2,42,FUN_004b80b2
0x004b80dc,38,FUN_004b80dc
0x004b8102,2854,FUN_004b8102
0x004b8c28,2099,FUN_004b8c28
0x004b9465,847,FUN_004b9465
0x004b97b4,484,FUN_004b97b4
0x004b9998,704,FUN_004b9998
0x004b9c58,1542,FUN_004b9c58
0x004ba25e,143,FUN_004ba25e
0x004ba2ed,28,FUN_004ba2ed
0x004ba309,132,FUN_004ba309
0x004ba392,132,FUN_004ba392
0x004ba41b,390,FUN_004ba41b
0x004ba5a1,1431,FUN_004ba5a1
0x004bab38,37,FUN_004bab38
0x004bab60,183,FUN_004bab60
0x004bac17,46,FUN_004bac17
0x004bac45,1007,FUN_004bac45
0x004bb040,138,FUN_004bb040
0x004bb0ca,172,FUN_004bb0ca
0x004bb176,89,FUN_004bb176
0x004bb1cf,561,FUN_004bb1cf
0x004bb400,88,FUN_004bb400
0x004bb458,90,FUN_004bb458
0x004bb4b2,1925,FUN_004bb4b2
0x004bbc50,2686,FUN_004bbc50
0x004bc6d3,4866,FUN_004bc6d3
0x004bdaad,118,FUN_004bdaad
0x004bdb23,425,FUN_004bdb23
0x004bdccc,62,FUN_004bdccc
0x004bdd0a,928,FUN_004bdd0a
0x004be0bf,1029,FUN_004be0bf
0x004be4c4,167,FUN_004be4c4
0x004be570,221,FUN_004be570
0x004be650,1077,FUN_004be650
0x004bea85,9019,FUN_004bea85
0x004c0dd4,294,FUN_004c0dd4
0x004c0efa,1927,FUN_004c0efa
0x004c1695,102,FUN_004c1695
0x004c16fb,299,FUN_004c16fb
0x004c1830,370,FUN_004c1830
0x004c19a2,81,FUN_004c19a2
0x004c19f3,2808,FUN_004c19f3
0x004c2501,41,FUN_004c2501
0x004c252a,180,FUN_004c252a
0x004c25f0,3972,FUN_004c25f0
0x004c357e,804,FUN_004c357e
0x004c38a2,737,FUN_004c38a2
0x004c3b83,689,FUN_004c3b83
0x004c3e34,689,FUN_004c3e34
0x004c40e5,37,FUN_004c40e5
0x004c410a,119,FUN_004c410a
0x004c4181,226,FUN_004c4181
0x004c4263,75,FUN_004c4263
0x004c42ae,74,FUN_004c42ae
0x004c42f8,108,FUN_004c42f8
0x004c4364,177,FUN_004c4364
0x004c4415,21,FUN_004c4415
0x004c442a,45,FUN_004c442a
0x004c4457,3012,FUN_004c4457
0x004c501b,2464,FUN_004c501b
0x004c59bb,571,FUN_004c59bb
0x004c5bf6,155,FUN_004c5bf6
0x004c5ca0,3260,FUN_004c5ca0
0x004c6961,146,FUN_004c6961
0x004c69f3,11,FUN_004c69f3
0x004c69fe,306,FUN_004c69fe
0x004c6b35,219,FUN_004c6b35
0x004c6c10,48,FUN_004c6c10
0x004c6c40,4340,FUN_004c6c40
0x004c7e59,185,FUN_004c7e59
0x004c7f20,101,FUN_004c7f20
0x004c7f85,77,FUN_004c7f85
0x004c7fe3,83,FUN_004c7fe3
0x004c8036,157,FUN_004c8036
0x004c80d8,676,FUN_004c80d8
0x004c8381,53,FUN_004c8381
0x004c83bb,263,FUN_004c83bb
0x004c84c7,192,FUN_004c84c7
0x004c8587,113,FUN_004c8587
0x004c8600,555,FUN_004c8600
0x004c882b,757,FUN_004c882b
0x004c8b20,69,FUN_004c8b20
0x004c8b65,52,FUN_004c8b65
0x004c8b99,44,FUN_004c8b99
0x004c8bc5,39,FUN_004c8bc5
0x004c8bec,60,FUN_004c8bec
0x004c8c30,793,FUN_004c8c30
0x004c8f49,334,FUN_004c8f49
0x004c9097,7402,FUN_004c9097
0x004cadfe,175,FUN_004cadfe
0x004caead,333,FUN_004caead
0x004caffa,125,FUN_004caffa
0x004cb077,569,FUN_004cb077
0x004cb2b0,229,FUN_004cb2b0
0x004cb395,397,FUN_004cb395
0x004cb522,1539,FUN_004cb522
0x004cbb25,26,FUN_004cbb25
0x004cbb3f,903,FUN_004cbb3f
0x004cbed2,88,FUN_004cbed2
0x004cbf2a,112,FUN_004cbf2a
0x004cbfa0,289,FUN_004cbfa0
0x004cc0c1,153,FUN_004cc0c1
0x004cc15a,1111,FUN_004cc15a
0x004cc6c0,1068,FUN_004cc6c0
0x004ccc10,398,FUN_004ccc10
0x004ccd9e,155,FUN_004ccd9e
0x004cce39,3697,FUN_004cce39
0x004cdcdc,63,FUN_004cdcdc
0x004cdd1b,74,FUN_004cdd1b
0x004cdd70,2195,FUN_004cdd70
0x004ce61a,652,FUN_004ce61a
0x004ce8cd,136,FUN_004ce8cd
0x004ce955,40,FUN_004ce955
0x004ce97d,21,FUN_004ce97d
0x004ce992,52,FUN_004ce992
0x004ce9c6,35,FUN_004ce9c6
0x004ce9e9,25,FUN_004ce9e9
0x004cea02,74,FUN_004cea02
0x004cea4c,127,FUN_004cea4c
0x004ceacb,23,FUN_004ceacb
0x004ceae2,40,FUN_004ceae2
0x004ceb0a,11,FUN_004ceb0a
0x004ceb15,11,FUN_004ceb15
0x004ceb20,11,FUN_004ceb20
0x004ceb2b,11,FUN_004ceb2b
0x004ceb36,11,FUN_004ceb36
0x004ceb41,11,FUN_004ceb41
0x004ceb50,18,FUN_004ceb50
0x004ceb62,1705,FUN_004ceb62
0x004cf20b,924,FUN_004cf20b
0x004cf5a7,805,FUN_004cf5a7
0x004cf8cc,176,FUN_004cf8cc
0x004cf97c,161,FUN_004cf97c
0x004cfa1d,1819,FUN_004cfa1d
0x004d0138,2237,FUN_004d0138
0x004d09fa,716,FUN_004d09fa
0x004d0cc6,257,FUN_004d0cc6
0x004d0dc7,3639,FUN_004d0dc7
0x004d1c03,560,FUN_004d1c03
0x004d1e33,2072,FUN_004d1e33
0x004d264b,1630,FUN_004d264b
0x004d2ca9,78,FUN_004d2ca9
0x004d2cf7,78,FUN_004d2cf7
0x004d2d45,1430,FUN_004d2d45
0x004d32db,109,FUN_004d32db
0x004d3348,398,FUN_004d3348
0x004d34d6,2636,FUN_004d34d6
0x004d3f22,386,FUN_004d3f22
0x004d40a4,1333,FUN_004d40a4
0x004d45d9,2631,FUN_004d45d9
0x004d5020,1820,FUN_004d5020
0x004d5741,1750,FUN_004d5741
0x004d5e17,203,FUN_004d5e17
0x004d5ee2,1416,FUN_004d5ee2
0x004d646a,449,FUN_004d646a
0x004d662b,1784,FUN_004d662b
0x004d6d23,2299,FUN_004d6d23
0x004d7623,469,FUN_004d7623
0x004d77f8,2713,FUN_004d77f8
0x004d829b,1649,FUN_004d829b
0x004d8911,820,FUN_004d8911
0x004d8c4a,1626,FUN_004d8c4a
0x004d92a4,2307,FUN_004d92a4
0x004d9bac,1680,FUN_004d9bac
0x004da23c,1421,FUN_004da23c
0x004da7c9,270,FUN_004da7c9
0x004da8d7,687,FUN_004da8d7
0x004dab86,242,FUN_004dab86
0x004dac78,326,FUN_004dac78
0x004dadbe,525,FUN_004dadbe
0x004dafcb,203,FUN_004dafcb
0x004db096,234,FUN_004db096
0x004db180,210,FUN_004db180
0x004db252,1168,FUN_004db252
0x004db6e2,1818,FUN_004db6e2
0x004dbdfc,123,FUN_004dbdfc
0x004dbe77,1834,FUN_004dbe77
0x004dc5a1,1325,FUN_004dc5a1
0x004dcace,1510,FUN_004dcace
0x004dd0b4,2363,FUN_004dd0b4
0x004dd9ef,3593,FUN_004dd9ef
0x004de7f8,3686,FUN_004de7f8
0x004df65e,3409,FUN_004df65e
0x004e03af,1022,FUN_004e03af
0x004e07ad,1022,FUN_004e07ad
0x004e0bab,1857,FUN_004e0bab
0x004e12ec,1246,FUN_004e12ec
0x004e17ca,1064,FUN_004e17ca
0x004e1bf2,2548,FUN_004e1bf2
0x004e25e6,317,FUN_004e25e6
0x004e2723,1189,FUN_004e2723
0x004e2bc8,1133,FUN_004e2bc8
0x004e303a,431,FUN_004e303a
0x004e31e9,1629,FUN_004e31e9
0x004e384b,3475,FUN_004e384b
0x004e45de,988,FUN_004e45de
0x004e49ba,276,FUN_004e49ba
0x004e4ace,1166,FUN_004e4ace
0x004e4f5c,68,FUN_004e4f5c
0x004e4fa0,827,FUN_004e4fa0
0x004e52db,111,FUN_004e52db
0x004e534a,111,FUN_004e534a
0x004e53b9,109,FUN_004e53b9
0x004e5426,111,FUN_004e5426
0x004e5495,109,FUN_004e5495
0x004e5502,111,FUN_004e5502
0x004e5571,1205,FUN_004e5571
0x004e5a30,186,FUN_004e5a30
0x004e5aea,55,FUN_004e5aea
0x004e5b21,55,FUN_004e5b21
0x004e5b58,55,FUN_004e5b58
0x004e5b8f,55,FUN_004e5b8f
0x004e5bc6,55,FUN_004e5bc6
0x004e5bfd,2372,FUN_004e5bfd
0x004e6541,2752,FUN_004e6541
0x004e7006,2474,FUN_004e7006
0x004e79b0,1788,FUN_004e79b0
0x004e80b1,1630,FUN_004e80b1
0x004e8714,1550,FUN_004e8714
0x004e8d27,2058,FUN_004e8d27
0x004e9531,1443,FUN_004e9531
0x004e9ad4,2048,FUN_004e9ad4
0x004ea2d4,55,FUN_004ea2d4
0x004ea30b,55,FUN_004ea30b
0x004ea342,55,FUN_004ea342
0x004ea379,55,FUN_004ea379
0x004ea3b0,55,FUN_004ea3b0
0x004ea3e7,1237,FUN_004ea3e7
0x004ea8c1,1263,FUN_004ea8c1
0x004eadb0,1551,FUN_004eadb0
0x004eb3bf,720,FUN_004eb3bf
0x004eb68f,1188,FUN_004eb68f
0x004ebb33,1136,FUN_004ebb33
0x004ebfa3,790,FUN_004ebfa3
0x004ec2be,788,FUN_004ec2be
0x004ec5d7,2153,FUN_004ec5d7
0x004ece40,80,FUN_004ece40
0x004ece9a,44,FUN_004ece9a
0x004ecec6,55,FUN_004ecec6
0x004ecefd,51,FUN_004ecefd
0x004ecf30,114,FUN_004ecf30
0x004ecfa2,65,FUN_004ecfa2
0x004ecfe3,34,FUN_004ecfe3
0x004ed005,104,FUN_004ed005
0x004ed06d,40,FUN_004ed06d
0x004ed095,40,FUN_004ed095
0x004ed0bd,120,FUN_004ed0bd
0x004ed135,106,FUN_004ed135
0x004ed19f,330,FUN_004ed19f
0x004ed2e9,354,FUN_004ed2e9
0x004ed44b,218,FUN_004ed44b
0x004ed525,404,FUN_004ed525
0x004ed6b9,271,FUN_004ed6b9
0x004ed7c8,267,FUN_004ed7c8
0x004ed8d3,185,FUN_004ed8d3
0x004ed98c,189,FUN_004ed98c
0x004eda50,5648,FUN_004eda50
0x004ef07e,42,FUN_004ef07e
0x004ef0a8,322,FUN_004ef0a8
0x004ef1ea,4622,FUN_004ef1ea
0x004f042c,153,FUN_004f042c
0x004f04c5,1675,FUN_004f04c5
0x004f0b50,441,FUN_004f0b50
0x004f0d09,2999,FUN_004f0d09
0x004f18c0,145,FUN_004f18c0
0x004f1951,152,FUN_004f1951
0x004f19e9,126,FUN_004f19e9
0x004f1a67,126,FUN_004f1a67
0x004f1ae5,105,FUN_004f1ae5
0x004f1b4e,126,FUN_004f1b4e
0x004f1bcc,258,SellPrice
0x004f1cce,1068,FUN_004f1cce
0x004f2165,86,FUN_004f2165
0x004f21bb,119,FUN_004f21bb
0x004f2232,240,FUN_004f2232
0x004f2322,154,FUN_004f2322
0x004f23bc,75,FUN_004f23bc
0x004f2407,564,FUN_004f2407
0x004f263b,572,FUN_004f263b
0x004f2877,386,FUN_004f2877
0x004f29f9,168,FUN_004f29f9
0x004f2aa1,865,FUN_004f2aa1
0x004f2e17,158,FUN_004f2e17
0x004f2ec0,14765,FUN_004f2ec0
0x004f6886,1196,FUN_004f6886
0x004f6d32,88,FUN_004f6d32
0x004f6d90,938,FUN_004f6d90
0x004f716f,11,FUN_004f716f
0x004f717a,1876,FUN_004f717a
0x004f78d3,361,FUN_004f78d3
0x004f7a3c,577,FUN_004f7a3c
0x004f7c7d,565,FUN_004f7c7d
0x004f7eb2,231,FUN_004f7eb2
0x004f7f99,32,FUN_004f7f99
0x004f7fb9,328,FUN_004f7fb9
0x004f8101,497,FUN_004f8101
0x004f82f2,259,FUN_004f82f2
0x004f8400,531,FUN_004f8400
0x004f8613,454,FUN_004f8613
0x004f87d9,177,FUN_004f87d9
0x004f8890,1326,FUN_004f8890
0x004f8dbe,1339,FUN_004f8dbe
0x004f92f9,2596,FUN_004f92f9
0x004f9d1d,300,FUN_004f9d1d
0x004f9e49,1100,FUN_004f9e49
0x004fa29a,503,FUN_004fa29a
0x004fa491,1164,FUN_004fa491
0x004fa91d,1600,FUN_004fa91d
0x004faf62,1435,FUN_004faf62
0x004fb4fd,1693,FUN_004fb4fd
0x004fbb9f,435,FUN_004fbb9f
0x004fbd52,413,FUN_004fbd52
0x004fbeef,2358,FUN_004fbeef
0x004fc825,213,FUN_004fc825
0x004fc8fa,904,FUN_004fc8fa
0x004fcc82,1232,FUN_004fcc82
0x004fd152,1846,FUN_004fd152
0x004fd888,99,FUN_004fd888
0x004fd8eb,1448,FUN_004fd8eb
0x004fde93,563,FUN_004fde93
0x004fe0c6,1364,FUN_004fe0c6
0x004fe61a,947,FUN_004fe61a
0x004fe9cd,387,FUN_004fe9cd
0x004feb50,1548,FUN_004feb50
0x004ff15c,472,FUN_004ff15c
0x004ff340,278,FUN_004ff340
0x004ff456,508,FUN_004ff456
0x004ff652,566,FUN_004ff652
0x004ff888,981,FUN_004ff888
0x004ffc5d,87,FUN_004ffc5d
0x004ffcb4,86,FUN_004ffcb4
0x004ffd0a,76,FUN_004ffd0a
0x004ffd56,78,FUN_004ffd56
0x004ffda4,855,FUN_004ffda4
0x005000fb,46,FUN_005000fb
0x00500129,37,FUN_00500129
0x0050014e,149,FUN_0050014e
0x005001e3,155,FUN_005001e3
0x0050027e,163,FUN_0050027e
0x00500321,61,FUN_00500321
0x0050035e,89,FUN_0050035e
0x005003b7,2676,FUN_005003b7
0x00500e30,167,FUN_00500e30
0x00500ee0,21,FUN_00500ee0
0x00501760,387,FUN_00501760
0x005018e8,187,FUN_005018e8
0x005019ad,319,FUN_005019ad
0x00501aec,69,FUN_00501aec
0x00501b31,71,FUN_00501b31
0x00501b7d,84,FUN_00501b7d
0x00501e32,18,FUN_00501e32
0x00501e44,698,FUN_00501e44
0x005020fe,511,FUN_005020fe
0x005022fd,3520,FUN_005022fd
0x005030bd,132,FUN_005030bd
0x00503141,77,FUN_00503141
0x0050318e,26,FUN_0050318e
0x005031a8,26,FUN_005031a8
0x005031c2,157,FUN_005031c2
0x0050325f,348,FUN_0050325f
0x005033bb,3240,FUN_005033bb
0x00504063,119,FUN_00504063
0x005040da,145,FUN_005040da
0x0050416b,241,FUN_0050416b
0x0050425c,239,FUN_0050425c
0x0050434b,353,FUN_0050434b
0x005044ac,145,FUN_005044ac
0x0050453d,215,FUN_0050453d
0x00504614,557,FUN_00504614
0x00504850,920,FUN_00504850
0x00504be8,81,FUN_00504be8
0x00504c39,7953,FUN_00504c39
0x00506c5a,263,FUN_00506c5a
0x00506d61,529,FUN_00506d61
0x00506f72,252,FUN_00506f72
0x0050706e,1264,FUN_0050706e
0x0050755e,245,FUN_0050755e
0x00507653,265,FUN_00507653
0x0050775c,295,FUN_0050775c
0x00507883,171,FUN_00507883
0x00507933,154,FUN_00507933
0x005079cd,129,FUN_005079cd
0x00507a50,1924,FUN_00507a50
0x005081e0,26,FUN_005081e0
0x005081fa,1877,FUN_005081fa
0x00508970,91,FUN_00508970
0x005089cb,396,FUN_005089cb
0x00508b57,50,FUN_00508b57
0x00508b89,106,FUN_00508b89
0x00508bf3,82,FUN_00508bf3
0x00508c4a,389,FUN_00508c4a
0x00508dcf,374,FUN_00508dcf
0x00508f45,287,FUN_00508f45
0x00509064,50,FUN_00509064
0x00509096,430,FUN_00509096
0x00509244,4900,FUN_00509244
0x0050a56d,84,FUN_0050a56d
0x0050a5c1,48,FUN_0050a5c1
0x0050a5f1,280,FUN_0050a5f1
0x0050a709,287,FUN_0050a709
0x0050a828,50,FUN_0050a828
0x0050a85a,278,FUN_0050a85a
0x0050a970,50,FUN_0050a970
0x0050a9a2,4510,FUN_0050a9a2
0x0050bb6d,1232,FUN_0050bb6d
0x0050c03d,194,FUN_0050c03d
0x0050c0ff,2164,FUN_0050c0ff
0x0050c973,301,FUN_0050c973
0x0050caa0,2853,FUN_0050caa0
0x0050d5d0,569,FUN_0050d5d0
0x0050d809,46,FUN_0050d809
0x0050d837,2633,FUN_0050d837
0x0050e2fc,366,FUN_0050e2fc
0x0050e476,711,FUN_0050e476
0x0050e749,970,FUN_0050e749
0x0050eb13,21,FUN_0050eb13
0x0050eb28,83,FUN_0050eb28
0x0050eb80,41,FUN_0050eb80
0x0050eba9,2574,FUN_0050eba9
0x0050f5c1,496,FUN_0050f5c1
0x0050f7c0,38,FUN_0050f7c0
0x0050f7e6,38,FUN_0050f7e6
0x0050f80c,38,FUN_0050f80c
0x0050f832,38,FUN_0050f832
0x0050f858,38,FUN_0050f858
0x0050f87e,1231,FUN_0050f87e
0x0050fd4d,1502,FUN_0050fd4d
0x0051032b,617,FUN_0051032b
0x00510594,622,FUN_00510594
0x00510802,453,FUN_00510802
0x005109c7,307,FUN_005109c7
0x00510afa,2203,FUN_00510afa
0x00511395,519,FUN_00511395
0x0051159c,605,FUN_0051159c
0x005117f9,965,FUN_005117f9
0x00511bc3,2007,FUN_00511bc3
0x0051239f,1268,FUN_0051239f
0x00512898,361,FUN_00512898
0x00512a01,261,FUN_00512a01
0x00512b06,275,FUN_00512b06
0x00512c19,853,FUN_00512c19
0x00512f6e,171,FUN_00512f6e
0x00513019,547,FUN_00513019
0x0051323c,2769,FUN_0051323c
0x00513d22,1144,FUN_00513d22
0x0051419a,1015,FUN_0051419a
0x00514591,1679,FUN_00514591
0x00514c20,2699,FUN_00514c20
0x005156b0,3562,FUN_005156b0
0x0051649a,562,FUN_0051649a
0x005166cc,1954,FUN_005166cc
0x00516e6e,77,FUN_00516e6e
0x00516ebb,77,FUN_00516ebb
0x00516f08,1528,FUN_00516f08
0x00517500,904,FUN_00517500
0x00517888,154,FUN_00517888
0x00517922,38,FUN_00517922
0x00517948,38,FUN_00517948
0x0051796e,38,FUN_0051796e
0x00517994,38,FUN_00517994
0x005179ba,38,FUN_005179ba
0x005179e0,1977,FUN_005179e0
0x005181a3,2075,FUN_005181a3
0x005189c3,38,FUN_005189c3
0x005189e9,38,FUN_005189e9
0x00518a0f,38,FUN_00518a0f
0x00518a35,38,FUN_00518a35
0x00518a5b,38,FUN_00518a5b
0x00518a81,723,FUN_00518a81
0x00518d54,528,FUN_00518d54
0x00518f64,1659,FUN_00518f64
0x005195e9,1108,FUN_005195e9
0x00519a3d,1503,FUN_00519a3d
0x0051a01c,1301,FUN_0051a01c
0x0051a531,552,FUN_0051a531
0x0051a759,1933,FUN_0051a759
0x0051aee6,482,FUN_0051aee6
0x0051b0c8,1221,FUN_0051b0c8
0x0051b58d,1304,FUN_0051b58d
0x0051baa5,973,FUN_0051baa5
0x0051be77,566,FUN_0051be77
0x0051c0ad,580,FUN_0051c0ad
0x0051c2f1,1245,FUN_0051c2f1
0x0051c7d3,966,FUN_0051c7d3
0x0051cb99,2716,FUN_0051cb99
0x0051d63a,1720,FUN_0051d63a
0x0051dcf2,155,FUN_0051dcf2
0x0051dd8d,654,FUN_0051dd8d
0x0051e01b,650,FUN_0051e01b
0x0051e2a5,1391,FUN_0051e2a5
0x0051e814,509,FUN_0051e814
0x0051ea11,1299,FUN_0051ea11
0x0051ef24,38,FUN_0051ef24
0x0051ef4a,38,FUN_0051ef4a
0x0051ef70,1338,FUN_0051ef70
0x0051f4af,512,FUN_0051f4af
0x0051f6af,1634,FUN_0051f6af
0x0051fd11,1499,FUN_0051fd11
0x005202ec,1179,FUN_005202ec
0x00520787,1258,FUN_00520787
0x00520c71,775,FUN_00520c71
0x00520f7d,733,FUN_00520f7d
0x0052125a,944,FUN_0052125a
0x0052160a,391,FUN_0052160a
0x00521791,354,FUN_00521791
0x005218f3,757,FUN_005218f3
0x00521be8,226,FUN_00521be8
0x00521cd0,419,FUN_00521cd0
0x00521e80,378,FUN_00521e80
0x00521ffa,436,FUN_00521ffa
0x005221b0,111,FUN_005221b0
0x0052221f,143,FUN_0052221f
0x005222ae,160,FUN_005222ae
0x0052234e,338,FUN_0052234e
0x005224a0,57,FUN_005224a0
0x005224d9,47,FUN_005224d9
0x00522508,45,FUN_00522508
0x00522535,116,FUN_00522535
0x005225a9,118,FUN_005225a9
0x0052261f,65,FUN_0052261f
0x00522660,21,FUN_00522660
0x00522675,101,FUN_00522675
0x005226e0,166,FUN_005226e0
0x00522786,93,FUN_00522786
0x005227e3,41,FUN_005227e3
0x0052280c,49,FUN_0052280c
0x0052283d,61,FUN_0052283d
0x00522880,1322,FUN_00522880
0x00522daa,81,FUN_00522daa
0x00522e00,1004,FUN_00522e00
0x005231ec,3336,FUN_005231ec
0x00523ef4,104,FUN_00523ef4
0x00523f5c,424,FUN_00523f5c
0x00524104,110,FUN_00524104
0x00524172,199,FUN_00524172
0x00524239,116,FUN_00524239
0x005242ad,220,FUN_005242ad
0x00524389,409,FUN_00524389
0x00524522,38,FUN_00524522
0x00524548,29,FUN_00524548
0x00524565,145,FUN_00524565
0x005245f6,923,FUN_005245f6
0x00524991,1482,FUN_00524991
0x00524f5b,875,FUN_00524f5b
0x005252c6,1124,FUN_005252c6
0x0052572a,303,FUN_0052572a
0x00525859,110,FUN_00525859
0x005258c7,198,FUN_005258c7
0x0052598d,524,FUN_0052598d
0x00525b99,482,FUN_00525b99
0x00525d7b,1228,FUN_00525d7b
0x00526247,330,FUN_00526247
0x00526391,2721,FUN_00526391
0x00526e32,536,FUN_00526e32
0x0052704a,1562,FUN_0052704a
0x00527664,471,FUN_00527664
0x0052783b,824,FUN_0052783b
0x00527b73,449,FUN_00527b73
0x00527d34,55,FUN_00527d34
0x00527d6b,6296,FUN_00527d6b
0x00529608,126,FUN_00529608
0x00529686,508,FUN_00529686
0x00529882,176,FUN_00529882
0x00529932,342,FUN_00529932
0x00529a88,608,FUN_00529a88
0x00529ce8,115,FUN_00529ce8
0x00529d5b,789,FUN_00529d5b
0x0052a070,381,FUN_0052a070
0x0052a1ed,451,FUN_0052a1ed
0x0052a3b0,41,FUN_0052a3b0
0x0052a3d9,11018,FUN_0052a3d9
0x0052cefc,611,FUN_0052cefc
0x0052d15f,139,FUN_0052d15f
0x0052d1ea,879,FUN_0052d1ea
0x0052d559,130,FUN_0052d559
0x0052d5db,1818,FUN_0052d5db
0x0052dcf5,581,FUN_0052dcf5
0x0052df3a,93,FUN_0052df3a
0x0052df97,2034,FUN_0052df97
0x0052e78e,372,FUN_0052e78e
0x0052e902,93,FUN_0052e902
0x0052e95f,581,FUN_0052e95f
0x0052eba4,567,FUN_0052eba4
0x0052eddb,430,FUN_0052eddb
0x0052ef8e,132,FUN_0052ef8e
0x0052f012,1904,FUN_0052f012
0x0052f782,600,FUN_0052f782
0x0052f9e0,219,FUN_0052f9e0
0x0052fac0,27,FUN_0052fac0
0x0052fae0,3085,FUN_0052fae0
0x00530770,83,FUN_00530770
0x005307c3,26,FUN_005307c3
0x005307dd,929,FUN_005307dd
0x00530b7e,18,FUN_00530b7e
0x00530b90,1466,FUN_00530b90
0x0053114a,322,FUN_0053114a
0x0053128c,75,FUN_0053128c
0x005312d7,104,FUN_005312d7
0x0053133f,164,FUN_0053133f
0x005313e3,563,FUN_005313e3
0x00531616,130,FUN_00531616
0x00531698,398,FUN_00531698
0x0053182b,184,FUN_0053182b
0x005318e3,18,FUN_005318e3
0x005318f5,3810,FUN_005318f5
0x00532809,65,FUN_00532809
0x00532850,80,FUN_00532850
0x005328a0,68,FUN_005328a0
0x005328e4,408,FUN_005328e4
0x00532a7c,50,FUN_00532a7c
0x00532aae,61,FUN_00532aae
0x00532aeb,4563,FUN_00532aeb
0x00533ccd,1893,FUN_00533ccd
0x005344b6,122,FUN_005344b6
0x00534530,2705,FUN_00534530
0x00535090,692,FUN_00535090
0x00535344,3006,FUN_00535344
0x00535f16,109,FUN_00535f16
0x00535f83,182,FUN_00535f83
0x00536039,77,FUN_00536039
0x00536086,5501,FUN_00536086
0x0053760d,119,FUN_0053760d
0x00537684,119,FUN_00537684
0x005376fb,228,FUN_005376fb
0x005377df,99,FUN_005377df
0x00537842,927,FUN_00537842
0x00537be1,5114,FUN_00537be1
0x00538fe5,230,FUN_00538fe5
0x005390cb,93,FUN_005390cb
0x00539128,340,FUN_00539128
0x0053927c,229,FUN_0053927c
0x00539361,2987,FUN_00539361
0x00539f11,230,FUN_00539f11
0x00539ff7,93,FUN_00539ff7
0x0053a054,529,FUN_0053a054
0x0053a265,801,FUN_0053a265
0x0053a586,4359,FUN_0053a586
0x0053b6af,237,FUN_0053b6af
0x0053b79c,111,FUN_0053b79c
0x0053b80b,1027,FUN_0053b80b
0x0053bc1a,452,FUN_0053bc1a
0x0053bde3,946,FUN_0053bde3
0x0053c19a,87,FUN_0053c19a
0x0053c1f6,355,FUN_0053c1f6
0x0053c35e,94,FUN_0053c35e
0x0053c3c1,1378,FUN_0053c3c1
0x0053c92d,148,FUN_0053c92d
0x0053c9cb,221,FUN_0053c9cb
0x0053caa8,93,FUN_0053caa8
0x0053cb05,698,FUN_0053cb05
0x0053cdc4,3580,FUN_0053cdc4
0x0053dbf2,557,FUN_0053dbf2
0x0053de1f,182,FUN_0053de1f
0x0053ded5,451,FUN_0053ded5
0x0053e098,306,FUN_0053e098
0x0053e1d9,2796,FUN_0053e1d9
0x0053ecca,221,FUN_0053ecca
0x0053eda7,93,FUN_0053eda7
0x0053ee04,492,FUN_0053ee04
0x0053eff0,74,FUN_0053eff0
0x0053f03a,1233,FUN_0053f03a
0x0053f510,538,FUN_0053f510
0x0053f72a,1813,FUN_0053f72a
0x0053fe44,36,FUN_0053fe44
0x0053fe68,31,FUN_0053fe68
0x0053fe87,395,FUN_0053fe87
0x0054001c,3428,FUN_0054001c
0x00540dae,221,FUN_00540dae
0x00540e8b,93,FUN_00540e8b
0x00540ee8,80,FUN_00540ee8
0x00540f38,252,FUN_00540f38
0x00541040,145,FUN_00541040
0x005410d1,6524,FUN_005410d1
0x00542adc,136,FUN_00542adc
0x00542b64,1636,FUN_00542b64
0x005431cd,3831,FUN_005431cd
0x005440c4,774,FUN_005440c4
0x005443ca,1243,FUN_005443ca
0x005448a5,69,FUN_005448a5
0x005448ea,785,FUN_005448ea
0x00544c00,35,FUN_00544c00
0x00544c23,35,FUN_00544c23
0x00544c46,342,FUN_00544c46
0x00544d9c,81,FUN_00544d9c
0x00544ded,81,FUN_00544ded
0x00544e3e,81,FUN_00544e3e
0x00544e8f,215,FUN_00544e8f
0x00544f66,5213,FUN_00544f66
0x005463dc,1095,FUN_005463dc
0x00546823,1067,FUN_00546823
0x00546c4e,102,FUN_00546c4e
0x00546cb4,1597,FUN_00546cb4
0x005472f1,491,FUN_005472f1
0x005474e1,171,FUN_005474e1
0x0054758c,1029,FUN_0054758c
0x00547991,466,FUN_00547991
0x00547b63,2690,FUN_00547b63
0x005485ea,372,FUN_005485ea
0x0054875e,93,FUN_0054875e
0x005487c0,479,FUN_005487c0
0x0054899f,390,FUN_0054899f
0x00548b25,144,FUN_00548b25
0x00548bb5,261,FUN_00548bb5
0x00548cba,321,FUN_00548cba
0x00548dfb,182,FUN_00548dfb
0x00548eb1,160,FUN_00548eb1
0x00548f51,177,FUN_00548f51
0x00549002,4183,FUN_00549002
0x0054a099,1041,FUN_0054a099
0x0054a4aa,387,FUN_0054a4aa
0x0054a668,524,FUN_0054a668
0x0054a880,31,FUN_0054a880
0x0054a89f,248,FUN_0054a89f
0x0054a997,109,FUN_0054a997
0x0054aa04,92,FUN_0054aa04
0x0054aa60,137,FUN_0054aa60
0x0054aae9,138,FUN_0054aae9
0x0054ab73,149,FUN_0054ab73
0x0054ac08,3062,FUN_0054ac08
0x0054b80d,669,FUN_0054b80d
0x0054baaa,3063,FUN_0054baaa
0x0054c6ba,1770,FUN_0054c6ba
0x0054cdbd,293,FUN_0054cdbd
0x0054cee2,1842,FUN_0054cee2
0x0054d619,4306,FUN_0054d619
0x0054e756,497,FUN_0054e756
0x0054e94c,50,FUN_0054e94c
0x0054e97e,492,FUN_0054e97e
0x0054eb6a,5616,FUN_0054eb6a
0x00550164,51,FUN_00550164
0x00550197,69,FUN_00550197
0x005501dc,34,FUN_005501dc
0x005501fe,34,FUN_005501fe
0x00550220,244,FUN_00550220
0x00550314,258,FUN_00550314
0x00550416,381,FUN_00550416
0x00550593,121,FUN_00550593
0x0055060c,1521,FUN_0055060c
0x00550c00,442,FUN_00550c00
0x00550dba,118,FUN_00550dba
0x00550e30,4867,FUN_00550e30
0x00552144,473,FUN_00552144
0x00552320,3492,FUN_00552320
0x005530c4,745,FUN_005530c4
0x005533b2,1628,FUN_005533b2
0x00553a0e,1391,FUN_00553a0e
0x00553f7d,1105,FUN_00553f7d
0x005543ce,2949,FUN_005543ce
0x00554f53,1179,FUN_00554f53
0x005553ee,678,FUN_005553ee
0x00555699,678,FUN_00555699
0x00555944,1286,FUN_00555944
0x00555e68,112,FUN_00555e68
0x00555ed8,112,FUN_00555ed8
0x00555f48,112,FUN_00555f48
0x00555fb8,112,FUN_00555fb8
0x00556028,112,FUN_00556028
0x00556098,112,FUN_00556098
0x00556108,112,FUN_00556108
0x00556178,112,FUN_00556178
0x005561e8,112,FUN_005561e8
0x00556258,112,FUN_00556258
0x005562d0,181,FUN_005562d0
0x00556385,51,FUN_00556385
0x005563b8,4504,FUN_005563b8
0x005575b3,150,FUN_005575b3
0x00557649,147,FUN_00557649
0x005576dc,362,FUN_005576dc
0x00557850,67,FUN_00557850
0x00557893,62,FUN_00557893
0x005578d1,101,FUN_005578d1
0x00557940,63,FUN_00557940
0x0055797f,63,FUN_0055797f
0x005579be,62,FUN_005579be
0x005579fc,62,FUN_005579fc
0x00557a3a,101,FUN_00557a3a
0x00557aa9,127,CardTypeFromID
0x00557b2d,56,CardIDFromType
0x00557b6a,44,CardInDeck
0x00557b9b,54,SetCardInDeck
0x00557bd1,81,FUN_00557bd1
0x00557c27,373,FUN_00557c27
0x00557d9c,124,FUN_00557d9c
0x00557e18,176,FUN_00557e18
0x00557ec8,136,FUN_00557ec8
0x00557f55,63,FUN_00557f55
0x00557f94,63,FUN_00557f94
0x00557fd3,122,FUN_00557fd3
0x00558052,63,FUN_00558052
0x00558091,63,FUN_00558091
0x005580d0,135,FUN_005580d0
0x0055815c,133,FUN_0055815c
0x005581e6,133,FUN_005581e6
0x00558270,125,FUN_00558270
0x005582ed,52,FUN_005582ed
0x00558321,53,FUN_00558321
0x00558356,40,FUN_00558356
0x0055837e,71,FUN_0055837e
0x005583c5,73,FUN_005583c5
0x0055840e,73,FUN_0055840e
0x00558457,85,FUN_00558457
0x005584ac,41,FUN_005584ac
0x005584d5,99,FUN_005584d5
0x00558538,747,FUN_00558538
0x00558828,76,FUN_00558828
0x00558874,79,FUN_00558874
0x005588c3,69,FUN_005588c3
0x00558908,57,FUN_00558908
0x00558941,172,FUN_00558941
0x005589ed,182,FUN_005589ed
0x00558aa3,71,FUN_00558aa3
0x00558aea,934,FUN_00558aea
0x00558e90,668,FUN_00558e90
0x0055912c,1384,FUN_0055912c
0x00559781,73,FUN_00559781
0x005597ca,61,FUN_005597ca
0x00559807,377,FUN_00559807
0x00559999,810,FUN_00559999
0x00559cc3,266,FUN_00559cc3
0x00559dcd,112,FUN_00559dcd
0x00559e3d,21,FUN_00559e3d
0x00559e52,53,FUN_00559e52
0x00559e90,356,FUN_00559e90
0x00559ff4,118,FUN_00559ff4
0x0055a06a,209,FUN_0055a06a
0x0055a13b,48,FUN_0055a13b
0x0055a16b,5340,FUN_0055a16b
0x0055b6af,1004,FUN_0055b6af
0x0055ba9b,585,FUN_0055ba9b
0x0055bce4,685,FUN_0055bce4
0x0055bf91,4305,FUN_0055bf91
0x0055d078,445,FUN_0055d078
0x0055d235,449,FUN_0055d235
0x0055d3f6,619,FUN_0055d3f6
0x0055d661,563,FUN_0055d661
0x0055d8fa,19,FUN_0055d8fa
0x0055db50,1478,FUN_0055db50
0x0055e13a,120,FUN_0055e13a
0x0055e1b2,324,FUN_0055e1b2
0x0055e31f,756,FUN_0055e31f
0x0055e651,333,FUN_0055e651
0x0055e808,5267,FUN_0055e808
0x0055fd27,5163,FUN_0055fd27
0x005611c8,248,FUN_005611c8
0x00561301,128,FUN_00561301
0x0056139e,163,FUN_0056139e
0x00561441,36,FUN_00561441
0x00561465,94,FUN_00561465
0x005614c3,343,FUN_005614c3
0x00561647,99,FUN_00561647
0x005616aa,33,FUN_005616aa
0x005616cb,46,FUN_005616cb
0x005616f9,1254,FUN_005616f9
0x00561bf4,1376,FUN_00561bf4
0x00562169,1351,FUN_00562169
0x005626b0,134,FUN_005626b0
0x00562736,104,FUN_00562736
0x0056279e,80,FUN_0056279e
0x005627ee,71,FUN_005627ee
0x00562835,94,FUN_00562835
0x00562893,44,FUN_00562893
0x005628bf,231,FUN_005628bf
0x005629c3,102,FUN_005629c3
0x00562a29,680,FUN_00562a29
0x00562d03,266,FUN_00562d03
0x00562e0d,190,FUN_00562e0d
0x00562ed0,113,FUN_00562ed0
0x00562f46,76,FUN_00562f46
0x00562f92,153,FUN_00562f92
0x0056302b,115,FUN_0056302b
0x005630bb,271,FUN_005630bb
0x005631ca,405,FUN_005631ca
0x0056335f,844,FUN_0056335f
0x005636ab,513,FUN_005636ab
0x005638b0,132,FUN_005638b0
0x00563934,874,FUN_00563934
0x00563cc0,87,FUN_00563cc0
0x00563d17,444,FUN_00563d17
0x00563ed3,771,FUN_00563ed3
0x005641d6,372,FUN_005641d6
0x0056434a,277,FUN_0056434a
0x0056445f,848,FUN_0056445f
0x005647af,411,FUN_005647af
0x0056494a,272,FUN_0056494a
0x00564a5a,653,FUN_00564a5a
0x00564cf0,221,FUN_00564cf0
0x00564de0,136,FUN_00564de0
0x00564e70,119,FUN_00564e70
0x00564ee7,3479,FUN_00564ee7
0x00565c7e,313,FUN_00565c7e
0x00565dbc,494,FUN_00565dbc
0x00565faa,49,FUN_00565faa
0x00565fdb,340,FUN_00565fdb
0x00566134,43,FUN_00566134
0x0056615f,102,FUN_0056615f
0x005661d9,90,FUN_005661d9
0x00566238,288,FUN_00566238
0x005663a0,709,FUN_005663a0
0x00566665,46,FUN_00566665
0x00566693,1108,FUN_00566693
0x00566ae7,103,FUN_00566ae7
0x00566b4e,412,FUN_00566b4e
0x00566cea,59,FUN_00566cea
0x00566d25,105,FUN_00566d25
0x00566d8e,318,FUN_00566d8e
0x00566ecc,213,FUN_00566ecc
0x00566fa1,215,FUN_00566fa1
0x00567078,38,FUN_00567078
0x0056709e,705,FUN_0056709e
0x0056735f,567,FUN_0056735f
0x00567596,761,FUN_00567596
0x0056788f,107,FUN_0056788f
0x005678fa,1831,FUN_005678fa
0x00568021,194,FUN_00568021
0x005680e3,83,FUN_005680e3
0x00568136,59,FUN_00568136
0x00568171,422,FUN_00568171
0x00568320,767,FUN_00568320
0x0056862e,6395,FUN_0056862e
0x00569f2e,300,FUN_00569f2e
0x0056a05a,801,FUN_0056a05a
0x0056a37b,39,FUN_0056a37b
0x0056a3a7,184,FUN_0056a3a7
0x0056a45f,182,FUN_0056a45f
0x0056a515,2371,FUN_0056a515
0x0056ae5d,204,FUN_0056ae5d
0x0056af29,2703,FUN_0056af29
0x0056b9c2,187,FUN_0056b9c2
0x0056ba7d,412,FUN_0056ba7d
0x0056bc19,222,FUN_0056bc19
0x0056bcf7,166,FUN_0056bcf7
0x0056bd9d,431,FUN_0056bd9d
0x0056bf4c,88,FUN_0056bf4c
0x0056bfa4,77,FUN_0056bfa4
0x0056bff1,244,FUN_0056bff1
0x0056c0e5,208,FUN_0056c0e5
0x0056c1b5,455,FUN_0056c1b5
0x0056c37c,159,FUN_0056c37c
0x0056c41b,123,FUN_0056c41b
0x0056c496,97,FUN_0056c496
0x0056c4f7,125,FUN_0056c4f7
0x0056c574,118,FUN_0056c574
0x0056c5ea,283,FUN_0056c5ea
0x0056c705,116,FUN_0056c705
0x0056c779,82,FUN_0056c779
0x0056c7cb,57,FUN_0056c7cb
0x0056c804,35,FUN_0056c804
0x0056c827,80,FUN_0056c827
0x0056c877,27,FUN_0056c877
0x0056c892,141,FUN_0056c892
0x0056c91f,18,FUN_0056c91f
0x0056c931,18,FUN_0056c931
0x0056c943,11,FUN_0056c943
0x0056c94e,11,FUN_0056c94e
0x0056c959,11,FUN_0056c959
0x0056c964,11,FUN_0056c964
0x0056c96f,11,FUN_0056c96f
0x0056c97a,11,FUN_0056c97a
0x0056c985,11,FUN_0056c985
0x0056c990,11,FUN_0056c990
0x0056c99b,18,FUN_0056c99b
0x0056c9b0,88,FUN_0056c9b0
0x0056ca10,568,FUN_0056ca10
0x0056cc4d,359,FUN_0056cc4d
0x0056cdb4,359,FUN_0056cdb4
0x0056cf20,353,FUN_0056cf20
0x0056d081,118,FUN_0056d081
0x0056d0f7,60,FUN_0056d0f7
0x0056d133,52,FUN_0056d133
0x0056d167,45,FUN_0056d167
0x0056d194,69,FUN_0056d194
0x0056d1d9,73,FUN_0056d1d9
0x0056d222,65,FUN_0056d222
0x0056d263,48,FUN_0056d263
0x0056d293,69,FUN_0056d293
0x0056d2d8,69,FUN_0056d2d8
0x0056d31d,69,FUN_0056d31d
0x0056d362,69,FUN_0056d362
0x0056d3a7,69,FUN_0056d3a7
0x0056d3ec,69,FUN_0056d3ec
0x0056d431,69,FUN_0056d431
0x0056d476,58,FUN_0056d476
0x0056d4b0,69,FUN_0056d4b0
0x0056d4f5,69,FUN_0056d4f5
0x0056d53a,65,FUN_0056d53a
0x0056d57b,69,FUN_0056d57b
0x0056d5c0,69,FUN_0056d5c0
0x0056d605,66,FUN_0056d605
0x0056d647,69,FUN_0056d647
0x0056d68c,55,FUN_0056d68c
0x0056d6c3,66,FUN_0056d6c3
0x0056d705,73,FUN_0056d705
0x0056d74e,58,FUN_0056d74e
0x0056d790,64,FUN_0056d790
0x0056da03,418,FUN_0056da03
0x0056dbb0,236,FUN_0056dbb0
0x0056dc9c,46,FUN_0056dc9c
0x0056dcca,4942,FUN_0056dcca
0x0056f300,1473,FUN_0056f300
0x0056f8c1,1064,FUN_0056f8c1
0x0056fce9,552,FUN_0056fce9
0x0056ff11,724,FUN_0056ff11
0x005701e5,2777,FUN_005701e5
0x00570cbe,1505,FUN_00570cbe
0x0057129f,613,FUN_0057129f
0x00571504,1568,FUN_00571504
0x00571b24,490,FUN_00571b24
0x00571d0e,361,FUN_00571d0e
0x00571e77,344,FUN_00571e77
0x00571fcf,212,FUN_00571fcf
0x005720a3,548,FUN_005720a3
0x005722c7,385,FUN_005722c7
0x00572448,446,FUN_00572448
0x00572606,1263,FUN_00572606
0x00572af5,663,FUN_00572af5
0x00572d8c,611,FUN_00572d8c
0x00572fef,759,FUN_00572fef
0x005732e6,135,FUN_005732e6
0x0057336d,252,FUN_0057336d
0x00573469,135,FUN_00573469
0x005734f0,153,FUN_005734f0
0x00573589,294,FUN_00573589
0x005736af,150,FUN_005736af
0x00573745,72,FUN_00573745
0x0057378d,219,FUN_0057378d
0x00573868,692,FUN_00573868
0x00573b1c,270,FUN_00573b1c
0x00573c2a,11,FUN_00573c2a
0x00573c35,210,FUN_00573c35
0x00573d07,540,FUN_00573d07
0x00573f30,1595,FUN_00573f30
0x0057456b,81,FUN_0057456b
0x005745bc,12754,FUN_005745bc
0x0057783f,177,FUN_0057783f
0x005778f0,551,FUN_005778f0
0x00577b17,120,FUN_00577b17
0x00577b8f,726,FUN_00577b8f
0x00577e65,991,FUN_00577e65
0x00578244,54,FUN_00578244
0x0057827a,159,FUN_0057827a
0x00578319,32,FUN_00578319
0x00578339,1100,FUN_00578339
0x00578785,238,FUN_00578785
0x00578873,19,FUN_00578873
0x00578961,272,FUN_00578961
0x00578a71,125,FUN_00578a71
0x00578af3,127,FUN_00578af3
0x00578b77,99,FUN_00578b77
0x00578bda,41,FUN_00578bda
0x00578c20,6,FUN_00578c20
0x00578c30,6,FUN_00578c30
0x00578c40,9,FUN_00578c40
0x00578c50,9,FUN_00578c50
0x00578c60,16,FUN_00578c60
0x00578c70,1,FUN_00578c70
0x00578c80,3,FUN_00578c80
0x00578c90,21,FUN_00578c90
0x00578cc0,441,FUN_00578cc0
0x00578e80,461,FUN_00578e80
0x00579050,485,Sid_AllocPage
0x00579240,200,Sid_FreePage
0x00579310,227,FUN_00579310
0x00579400,63,FUN_00579400
0x00579440,55,FUN_00579440
0x00579480,152,FUN_00579480
0x00579520,198,FUN_00579520
0x005795f0,199,FUN_005795f0
0x005796c0,157,FUN_005796c0
0x00579760,121,FUN_00579760
0x005797e0,176,FUN_005797e0
0x00579890,853,Sid_BlitPage
0x00579bf0,582,FUN_00579bf0
0x00579e40,91,Sid_StretchBlitPage
0x00579ea0,109,FUN_00579ea0
0x00579f10,232,FUN_00579f10
0x0057a000,96,Sid_GetLine
0x0057a060,735,Sid_SetPalette
0x0057a340,133,FUN_0057a340
0x0057a3d0,104,FUN_0057a3d0
0x0057a440,123,FUN_0057a440
0x0057a4c0,22,FUN_0057a4c0
0x0057a4e0,257,Sid_LoadFontFile
0x0057a5f0,499,FUN_0057a5f0
0x0057a7f0,262,FUN_0057a7f0
0x0057a900,240,FUN_0057a900
0x0057a9f0,63,FUN_0057a9f0
0x0057aa30,176,FUN_0057aa30
0x0057aae0,454,FUN_0057aae0
0x0057acb0,308,FUN_0057acb0
0x0057adf0,63,FUN_0057adf0
0x0057ae30,23,FUN_0057ae30
0x0057ae50,990,FUN_0057ae50
0x0057b230,520,FUN_0057b230
0x0057b440,42,FUN_0057b440
0x0057b470,42,FUN_0057b470
0x0057b4a0,42,FUN_0057b4a0
0x0057b4d0,42,FUN_0057b4d0
0x0057b500,42,FUN_0057b500
0x0057b530,42,FUN_0057b530
0x0057b560,42,FUN_0057b560
0x0057b590,42,FUN_0057b590
0x0057b5c0,42,FUN_0057b5c0
0x0057b5f0,42,FUN_0057b5f0
0x0057b620,42,FUN_0057b620
0x0057b650,25,FUN_0057b650
0x0057b670,46,FUN_0057b670
0x0057b6a0,17,FUN_0057b6a0
0x0057b6c0,70,FUN_0057b6c0
0x0057b710,141,Spr_LoadFile
0x0057b7a0,149,Spr_LoadFileMax
0x0057b840,841,FUN_0057b840
0x0057bb90,384,FUN_0057bb90
0x0057bd10,644,FUN_0057bd10
0x0057bfa0,1192,Spr_DrawScaled
0x0057c450,103,FUN_0057c450
0x0057c4c0,177,FUN_0057c4c0
0x0057c580,608,Sid_OpenFile
0x0057c7e0,25,FUN_0057c7e0
0x0057c800,25,FUN_0057c800
0x0057c820,22,FUN_0057c820
0x0057c840,25,FUN_0057c840
0x0057c890,350,FUN_0057c890
0x0057c9f0,364,FUN_0057c9f0
0x0057cb80,746,FUN_0057cb80
0x0057ce70,774,FUN_0057ce70
0x0057d180,425,FUN_0057d180
0x0057d330,461,FUN_0057d330
0x0057d500,846,FUN_0057d500
0x0057d850,421,FUN_0057d850
0x0057da00,132,FUN_0057da00
0x0057dc20,131,FUN_0057dc20
0x0057dcb0,121,FUN_0057dcb0
0x0057dd30,95,FUN_0057dd30
0x0057dd90,130,FUN_0057dd90
0x0057de20,13,FUN_0057de20
0x0057de2d,1364,FUN_0057de2d
0x0057e390,664,FUN_0057e390
0x0057e630,109,FUN_0057e630
0x0057e6a0,204,FUN_0057e6a0
0x0057e770,170,FUN_0057e770
0x0057e860,47,FUN_0057e860
0x0057e890,156,__onexit
0x0057e930,19,_atexit
0x0057e950,31,__allshl
0x0057e970,378,entry
0x0057eb30,19,__setdefaultprecision
0x0057eb60,1,FUN_0057eb60
